5E-CF-7F-01-85-56,5ECF7F018556,5C-CF-7F-01-85-56,5CCF7F018556
5E-CF-7F-01-85-56,5ECF7F018556,5C-CF-7F-01-85-56,5CCF7F018556
1A-FE-34-CE-23-CA,1AFE34CE23CA,18-FE-34-CE-23-CA,18FE34CE23CA
1A-FE-34-CE-23-CA,1AFE34CE23CA,18-FE-34-CE-23-CA,18FE34CE23CA
1A-FE-34-CE-23-CA,1AFE34CE23CA,18-FE-34-CE-23-CA,18FE34CE23CA
1A-FE-34-CE-23-CA,1AFE34CE23CA,18-FE-34-CE-23-CA,18FE34CE23CA
1A-FE-34-CE-23-CA,1AFE34CE23CA,18-FE-34-CE-23-CA,18FE34CE23CA
1A-FE-34-CE-23-CA,1AFE34CE23CA,18-FE-34-CE-23-CA,18FE34CE23CA
1A-FE-34-CE-23-CA,1AFE34CE23CA,18-FE-34-CE-23-CA,18FE34CE23CA
1A-FE-34-CE-23-CA,1AFE34CE23CA,18-FE-34-CE-23-CA,18FE34CE23CA
1A-FE-34-CE-23-CA,1AFE34CE23CA,18-FE-34-CE-23-CA,18FE34CE23CA
1A-FE-34-CE-23-CA,1AFE34CE23CA,18-FE-34-CE-23-CA,18FE34CE23CA
1A-FE-34-CE-23-CA,1AFE34CE23CA,18-FE-34-CE-23-CA,18FE34CE23CA
1A-FE-34-CE-23-CA,1AFE34CE23CA,18-FE-34-CE-23-CA,18FE34CE23CA
1A-FE-34-CE-23-CA,1AFE34CE23CA,18-FE-34-CE-23-CA,18FE34CE23CA
1A-FE-34-CE-23-CA,1AFE34CE23CA,18-FE-34-CE-23-CA,18FE34CE23CA
1A-FE-34-CE-23-CA,1AFE34CE23CA,18-FE-34-CE-23-CA,18FE34CE23CA
1A-FE-34-CE-23-CA,1AFE34CE23CA,18-FE-34-CE-23-CA,18FE34CE23CA
1A-FE-34-CE-23-CA,1AFE34CE23CA,18-FE-34-CE-23-CA,18FE34CE23CA
1A-FE-34-CE-23-CA,1AFE34CE23CA,18-FE-34-CE-23-CA,18FE34CE23CA
1A-FE-34-CE-23-CA,1AFE34CE23CA,18-FE-34-CE-23-CA,18FE34CE23CA
1A-FE-34-CE-23-CA,1AFE34CE23CA,18-FE-34-CE-23-CA,18FE34CE23CA
1A-FE-34-CE-23-CA,1AFE34CE23CA,18-FE-34-CE-23-CA,18FE34CE23CA
1A-FE-34-CE-23-CA,1AFE34CE23CA,18-FE-34-CE-23-CA,18FE34CE23CA
1A-FE-34-CE-23-CA,1AFE34CE23CA,18-FE-34-CE-23-CA,18FE34CE23CA
1A-FE-34-CE-23-CA,1AFE34CE23CA,18-FE-34-CE-23-CA,18FE34CE23CA
1A-FE-34-CE-23-CA,1AFE34CE23CA,18-FE-34-CE-23-CA,18FE34CE23CA
1A-FE-34-CE-23-CA,1AFE34CE23CA,18-FE-34-CE-23-CA,18FE34CE23CA
1A-FE-34-CE-23-CA,1AFE34CE23CA,18-FE-34-CE-23-CA,18FE34CE23CA
1A-FE-34-CE-23-CA,1AFE34CE23CA,18-FE-34-CE-23-CA,18FE34CE23CA
1A-FE-34-CE-23-CA,1AFE34CE23CA,18-FE-34-CE-23-CA,18FE34CE23CA
1A-FE-34-CE-23-CA,1AFE34CE23CA,18-FE-34-CE-23-CA,18FE34CE23CA
1A-FE-34-CE-23-CA,1AFE34CE23CA,18-FE-34-CE-23-CA,18FE34CE23CA
1A-FE-34-CE-23-CA,1AFE34CE23CA,18-FE-34-CE-23-CA,18FE34CE23CA
1A-FE-34-CE-23-CA,1AFE34CE23CA,18-FE-34-CE-23-CA,18FE34CE23CA
1A-FE-34-CE-23-CA,1AFE34CE23CA,18-FE-34-CE-23-CA,18FE34CE23CA
1A-FE-34-CE-23-CA,1AFE34CE23CA,18-FE-34-CE-23-CA,18FE34CE23CA
1A-FE-34-CE-23-CA,1AFE34CE23CA,18-FE-34-CE-23-CA,18FE34CE23CA
1A-FE-34-CE-23-CA,1AFE34CE23CA,18-FE-34-CE-23-CA,18FE34CE23CA
1A-FE-34-CE-23-CA,1AFE34CE23CA,18-FE-34-CE-23-CA,18FE34CE23CA
1A-FE-34-CE-23-CA,1AFE34CE23CA,18-FE-34-CE-23-CA,18FE34CE23CA
1A-FE-34-CE-23-CA,1AFE34CE23CA,18-FE-34-CE-23-CA,18FE34CE23CA
1A-FE-34-CE-23-CA,1AFE34CE23CA,18-FE-34-CE-23-CA,18FE34CE23CA
1A-FE-34-CE-23-CA,1AFE34CE23CA,18-FE-34-CE-23-CA,18FE34CE23CA
1A-FE-34-CE-23-CA,1AFE34CE23CA,18-FE-34-CE-23-CA,18FE34CE23CA
1A-FE-34-CE-23-CA,1AFE34CE23CA,18-FE-34-CE-23-CA,18FE34CE23CA
1A-FE-34-CE-23-CA,1AFE34CE23CA,18-FE-34-CE-23-CA,18FE34CE23CA
1A-FE-34-CE-23-CA,1AFE34CE23CA,18-FE-34-CE-23-CA,18FE34CE23CA
1A-FE-34-CE-23-CA,1AFE34CE23CA,18-FE-34-CE-23-CA,18FE34CE23CA
1A-FE-34-CE-23-CA,1AFE34CE23CA,18-FE-34-CE-23-CA,18FE34CE23CA
1A-FE-34-CE-23-CA,1AFE34CE23CA,18-FE-34-CE-23-CA,18FE34CE23CA
1A-FE-34-CE-23-CA,1AFE34CE23CA,18-FE-34-CE-23-CA,18FE34CE23CA
1A-FE-34-CE-23-CA,1AFE34CE23CA,18-FE-34-CE-23-CA,18FE34CE23CA
1A-FE-34-CE-23-CA,1AFE34CE23CA,18-FE-34-CE-23-CA,18FE34CE23CA
1A-FE-34-CE-23-CA,1AFE34CE23CA,18-FE-34-CE-23-CA,18FE34CE23CA
1A-FE-34-CE-23-CA,1AFE34CE23CA,18-FE-34-CE-23-CA,18FE34CE23CA
1A-FE-34-CE-23-CA,1AFE34CE23CA,18-FE-34-CE-23-CA,18FE34CE23CA
1A-FE-34-CE-23-CA,1AFE34CE23CA,18-FE-34-CE-23-CA,18FE34CE23CA
1A-FE-34-CE-23-CA,1AFE34CE23CA,18-FE-34-CE-23-CA,18FE34CE23CA
1A-FE-34-CE-23-CA,1AFE34CE23CA,18-FE-34-CE-23-CA,18FE34CE23CA
1A-FE-34-CE-23-CA,1AFE34CE23CA,18-FE-34-CE-23-CA,18FE34CE23CA
1A-FE-34-CE-23-CA,1AFE34CE23CA,18-FE-34-CE-23-CA,18FE34CE23CA
1A-FE-34-CE-23-CA,1AFE34CE23CA,18-FE-34-CE-23-CA,18FE34CE23CA
1A-FE-34-CE-23-CA,1AFE34CE23CA,18-FE-34-CE-23-CA,18FE34CE23CA
1A-FE-34-CE-23-CA,1AFE34CE23CA,18-FE-34-CE-23-CA,18FE34CE23CA
1A-FE-34-CE-23-CA,1AFE34CE23CA,18-FE-34-CE-23-CA,18FE34CE23CA
1A-FE-34-CE-23-CA,1AFE34CE23CA,18-FE-34-CE-23-CA,18FE34CE23CA
1A-FE-34-CE-23-CA,1AFE34CE23CA,18-FE-34-CE-23-CA,18FE34CE23CA
1A-FE-34-CE-23-CA,1AFE34CE23CA,18-FE-34-CE-23-CA,18FE34CE23CA
1A-FE-34-CE-23-CA,1AFE34CE23CA,18-FE-34-CE-23-CA,18FE34CE23CA
1A-FE-34-CE-23-CA,1AFE34CE23CA,18-FE-34-CE-23-CA,18FE34CE23CA
1A-FE-34-CE-23-CA,1AFE34CE23CA,18-FE-34-CE-23-CA,18FE34CE23CA
1A-FE-34-CE-23-CA,1AFE34CE23CA,18-FE-34-CE-23-CA,18FE34CE23CA
1A-FE-34-CE-23-CA,1AFE34CE23CA,18-FE-34-CE-23-CA,18FE34CE23CA
1A-FE-34-CE-23-CA,1AFE34CE23CA,18-FE-34-CE-23-CA,18FE34CE23CA
1A-FE-34-CE-23-CA,1AFE34CE23CA,18-FE-34-CE-23-CA,18FE34CE23CA
1A-FE-34-CE-23-CA,1AFE34CE23CA,18-FE-34-CE-23-CA,18FE34CE23CA
1A-FE-34-CE-23-CA,1AFE34CE23CA,18-FE-34-CE-23-CA,18FE34CE23CA
1A-FE-34-CE-23-CA,1AFE34CE23CA,18-FE-34-CE-23-CA,18FE34CE23CA
1A-FE-34-CE-23-CA,1AFE34CE23CA,18-FE-34-CE-23-CA,18FE34CE23CA
1A-FE-34-CE-23-CA,1AFE34CE23CA,18-FE-34-CE-23-CA,18FE34CE23CA
1A-FE-34-CE-23-CA,1AFE34CE23CA,18-FE-34-CE-23-CA,18FE34CE23CA
1A-FE-34-CE-23-CA,1AFE34CE23CA,18-FE-34-CE-23-CA,18FE34CE23CA
1A-FE-34-CE-23-CA,1AFE34CE23CA,18-FE-34-CE-23-CA,18FE34CE23CA
1A-FE-34-CE-23-CA,1AFE34CE23CA,18-FE-34-CE-23-CA,18FE34CE23CA
1A-FE-34-CE-23-CA,1AFE34CE23CA,18-FE-34-CE-23-CA,18FE34CE23CA
1A-FE-34-CE-23-CA,1AFE34CE23CA,18-FE-34-CE-23-CA,18FE34CE23CA
1A-FE-34-CE-23-CA,1AFE34CE23CA,18-FE-34-CE-23-CA,18FE34CE23CA
1A-FE-34-CE-23-CA,1AFE34CE23CA,18-FE-34-CE-23-CA,18FE34CE23CA
1A-FE-34-CE-23-CA,1AFE34CE23CA,18-FE-34-CE-23-CA,18FE34CE23CA
1A-FE-34-CE-23-CA,1AFE34CE23CA,18-FE-34-CE-23-CA,18FE34CE23CA
1A-FE-34-CE-23-CA,1AFE34CE23CA,18-FE-34-CE-23-CA,18FE34CE23CA
1A-FE-34-CE-23-CA,1AFE34CE23CA,18-FE-34-CE-23-CA,18FE34CE23CA
1A-FE-34-CE-23-CA,1AFE34CE23CA,18-FE-34-CE-23-CA,18FE34CE23CA
1A-FE-34-CE-23-CA,1AFE34CE23CA,18-FE-34-CE-23-CA,18FE34CE23CA
1A-FE-34-CE-23-CA,1AFE34CE23CA,18-FE-34-CE-23-CA,18FE34CE23CA
1A-FE-34-CE-23-CA,1AFE34CE23CA,18-FE-34-CE-23-CA,18FE34CE23CA
1A-FE-34-CE-23-CA,1AFE34CE23CA,18-FE-34-CE-23-CA,18FE34CE23CA
1A-FE-34-CE-23-CA,1AFE34CE23CA,18-FE-34-CE-23-CA,18FE34CE23CA
1A-FE-34-CE-23-CA,1AFE34CE23CA,18-FE-34-CE-23-CA,18FE34CE23CA
1A-FE-34-CE-23-CA,1AFE34CE23CA,18-FE-34-CE-23-CA,18FE34CE23CA
1A-FE-34-CE-23-CA,1AFE34CE23CA,18-FE-34-CE-23-CA,18FE34CE23CA
1A-FE-34-CE-23-CA,1AFE34CE23CA,18-FE-34-CE-23-CA,18FE34CE23CA
1A-FE-34-CE-23-CA,1AFE34CE23CA,18-FE-34-CE-23-CA,18FE34CE23CA
1A-FE-34-CE-23-CA,1AFE34CE23CA,18-FE-34-CE-23-CA,18FE34CE23CA
1A-FE-34-CE-23-CA,1AFE34CE23CA,18-FE-34-CE-23-CA,18FE34CE23CA
1A-FE-34-CE-23-CA,1AFE34CE23CA,18-FE-34-CE-23-CA,18FE34CE23CA
1A-FE-34-CE-23-CA,1AFE34CE23CA,18-FE-34-CE-23-CA,18FE34CE23CA
1A-FE-34-CE-23-CA,1AFE34CE23CA,18-FE-34-CE-23-CA,18FE34CE23CA
1A-FE-34-CE-23-CA,1AFE34CE23CA,18-FE-34-CE-23-CA,18FE34CE23CA
1A-FE-34-CE-23-CA,1AFE34CE23CA,18-FE-34-CE-23-CA,18FE34CE23CA
62-01-94-80-14-9F,62019480149F,60-01-94-80-14-9F,60019480149F
62-01-94-80-14-9F,62019480149F,60-01-94-80-14-9F,60019480149F
62-01-94-80-14-9F,62019480149F,60-01-94-80-14-9F,60019480149F
1A-FE-34-CE-23-CA,1AFE34CE23CA,18-FE-34-CE-23-CA,18FE34CE23CA
62-01-94-80-14-9F,62019480149F,60-01-94-80-14-9F,60019480149F
62-01-94-80-14-9F,62019480149F,60-01-94-80-14-9F,60019480149F
62-01-94-80-14-9F,62019480149F,60-01-94-80-14-9F,60019480149F
62-01-94-80-14-9F,62019480149F,60-01-94-80-14-9F,60019480149F
62-01-94-80-14-9F,62019480149F,60-01-94-80-14-9F,60019480149F
62-01-94-80-14-9F,62019480149F,60-01-94-80-14-9F,60019480149F
62-01-94-80-14-9F,62019480149F,60-01-94-80-14-9F,60019480149F
62-01-94-80-14-9F,62019480149F,60-01-94-80-14-9F,60019480149F
62-01-94-80-14-9F,62019480149F,60-01-94-80-14-9F,60019480149F
62-01-94-80-14-9F,62019480149F,60-01-94-80-14-9F,60019480149F
62-01-94-80-14-9F,62019480149F,60-01-94-80-14-9F,60019480149F
62-01-94-80-14-9F,62019480149F,60-01-94-80-14-9F,60019480149F
62-01-94-80-14-9F,62019480149F,60-01-94-80-14-9F,60019480149F
